City_ID,City,Lat,Lng,Max Temp,Humidity,Cloudiness,Wind Speed,Country,Date
0,zheleznogorsk-ilimskiy,56.5768,104.1217,288.85,71,100,1.6,RU,1723924215
1,ushuaia,-54.8,-68.3,277.96,81,75,6.17,AR,1723923932
2,haiku-pauwela,20.9219,-156.3051,301.07,77,40,9.77,US,1723924215
3,weligama,5.9667,80.4167,300.88,91,100,4.51,LK,1723924215
4,holualoa,19.6228,-155.9522,299.74,92,100,2.57,US,1723924215
5,waitangi,-43.9535,-176.5597,284.16,97,100,4.47,NZ,1723924215
6,iqaluit,63.7506,-68.5145,283.0,66,75,2.57,CA,1723924215
7,edinburgh of the seven seas,-37.0676,-12.3116,286.65,93,100,16.52,SH,1723924215
8,aasiaat,68.7098,-52.8699,274.97,93,80,1.86,GL,1723924215
9,bubaque,11.2833,-15.8333,298.09,93,100,8.18,GW,1723924215
10,sofifi,0.7349,127.576,298.49,85,100,0.89,ID,1723924215
11,dinguiraye,11.3,-10.7167,294.34,98,100,1.53,GN,1723924215
12,saipan,15.1355,145.701,301.54,89,75,5.14,MP,1723924215
13,south hedland,-20.4089,118.5983,293.11,83,0,5.14,AU,1723924215
14,kodiak,57.79,-152.4072,284.88,100,100,2.06,US,1723924215
15,aykol,38.1751,77.2132,302.58,20,91,4.79,CN,1723924215
16,mount pearl,47.5166,-52.7813,296.34,60,40,6.69,CA,1723924176
17,ginir,7.1333,40.7,290.2,71,67,4.05,ET,1723924215
18,klyuchi,52.2667,79.1667,292.75,43,100,1.98,RU,1723924215
19,grytviken,-54.2811,-36.5092,268.09,53,81,4.56,GS,1723924215
20,saint-pierre,-21.3393,55.4781,294.97,68,0,8.23,RE,1723924215
21,altai,46.3722,96.2583,288.55,29,1,0.52,MN,1723924215
22,touros,-5.1989,-35.4608,298.26,69,8,7.14,BR,1723924215
23,ojinaga,29.5667,-104.4167,314.02,20,40,3.09,MX,1723924215
24,aykhal,66.0,111.5,284.05,71,63,3.54,RU,1723924215
25,minas de marcona,-15.2119,-75.1103,290.33,52,3,5.16,PE,1723924215
26,quellon,-43.1167,-73.6167,280.21,80,76,2.39,CL,1723924215
27,inari,68.906,27.0288,285.84,70,95,0.84,FI,1723924215
28,kulhudhuffushi,6.6221,73.07,299.78,83,100,12.55,MV,1723924215
29,yellowknife,62.456,-114.3525,293.38,59,40,7.72,CA,1723924215
30,margaret river,-33.95,115.0667,286.17,71,100,11.43,AU,1723924216
31,tiksi,71.6872,128.8694,283.4,63,15,4.39,RU,1723924216
32,gunjur,13.2019,-16.7339,300.19,94,75,2.06,GM,1723924216
33,port-aux-francais,-49.35,70.2167,274.38,62,100,13.41,TF,1723924216
34,port elizabeth,-33.918,25.5701,286.31,95,0,0.89,ZA,1723924154
35,ambodifotatra,-16.9833,49.85,296.52,78,99,8.37,MG,1723924216
36,ribeira grande,38.5167,-28.7,300.37,74,20,2.06,PT,1723924216
37,turinskaya sloboda,57.6232,64.3858,284.01,95,15,1.94,RU,1723924216
38,tralee,52.2704,-9.7026,286.14,90,2,3.36,IE,1723924216
39,olonkinbyen,70.9221,-8.7187,277.94,99,100,4.51,SJ,1723924216
40,utrik,11.2278,169.8474,301.64,78,100,7.96,MH,1723924216
41,isafjordur,66.0755,-23.124,279.17,75,75,6.17,IS,1723924216
42,igrim,63.1906,64.4162,284.96,95,57,1.26,RU,1723924216
43,adamstown,-25.066,-130.1015,291.94,62,29,6.57,PN,1723924216
44,wailua homesteads,22.0669,-159.378,300.59,76,20,6.17,US,1723924216
45,papatowai,-46.5619,169.4708,277.76,68,100,5.31,NZ,1723924216
46,albany,42.6001,-73.9662,299.38,59,100,0.45,US,1723924106
47,punta arenas,-53.15,-70.9167,280.21,65,0,4.12,CL,1723923950
48,gadzhiyevo,69.2551,33.3362,284.3,92,71,2.7,RU,1723924216
49,longyearbyen,78.2186,15.6401,283.06,93,75,3.09,SJ,1723924216
50,salas,43.4118,-6.2602,292.91,99,100,0.27,ES,1723924216
51,susuman,62.7833,148.1667,282.85,82,100,3.92,RU,1723924216
52,zhenlai,45.8495,123.2973,294.5,88,58,0.94,CN,1723924216
53,bethel,41.3712,-73.414,298.64,81,40,4.63,US,1723924216
54,kovur,14.4833,79.9833,302.11,79,100,3.43,IN,1723924216
55,nadi,-17.8,177.4167,293.15,88,20,3.09,FJ,1723924216
56,acarau,-2.8856,-40.12,299.71,64,8,8.14,BR,1723924216
57,kapuskasing,49.4169,-82.4331,291.2,100,100,2.57,CA,1723924216
58,kyzyl-suu,42.3414,78.0056,289.48,86,27,1.03,KG,1723924216
59,bikenibeu village,1.3673,173.1241,301.13,83,40,4.63,KI,1723924216
60,ugoofaaru,5.6667,73.0,300.18,79,100,12.13,MV,1723924216
61,west island,-12.1568,96.8225,299.14,83,75,4.12,CC,1723924216
62,jamestown,42.097,-79.2353,299.95,69,75,5.66,US,1723924050
63,hawaiian paradise park,19.5933,-154.9731,300.31,93,100,2.57,US,1723924216
64,lihue,21.9789,-159.3672,300.92,68,20,6.17,US,1723924120
65,port lincoln,-34.7333,135.8667,286.26,77,100,2.19,AU,1723924216
66,geraldton,-28.7667,114.6,286.38,82,75,6.69,AU,1723924216
67,zayed city,24.3768,54.589,309.26,50,0,4.12,AE,1723924217
68,castillos,-34.1667,-53.8333,286.75,76,100,4.46,UY,1723924217
69,alofi,-19.0595,-169.9187,297.09,73,75,5.14,NU,1723924217
70,labrador city,52.9463,-66.9114,297.1,57,75,4.12,CA,1723924217
71,pratapgarh,24.0333,74.7833,297.56,85,100,2.26,IN,1723924217
72,ust-nera,64.5667,143.2,283.46,76,76,2.2,RU,1723924217
73,ciudad lazaro cardenas,17.9583,-102.2,303.74,65,31,4.31,MX,1723924217
74,olyokminsk,60.3736,120.4264,283.47,84,0,1.04,RU,1723924217
75,hermanus,-34.4187,19.2345,287.01,84,1,7.16,ZA,1723924217
76,barras,-4.2444,-42.2944,310.01,18,32,2.3,BR,1723924217
77,nemuro,43.3236,145.575,288.63,91,98,5.32,JP,1723924217
78,georgetown,5.4112,100.3354,300.11,94,20,2.06,MY,1723924003
79,college,64.8569,-147.8028,288.2,82,100,3.09,US,1723924217
80,pascagoula,30.3658,-88.5561,309.15,56,40,3.62,US,1723924217
81,ghat,24.9647,10.1728,304.24,44,41,1.51,LY,1723924217
82,thames,-37.1333,175.5333,288.09,95,100,6.87,NZ,1723924217
83,colonia,50.9333,6.95,295.35,83,0,1.54,DE,1723924217
84,alaghsas,17.0187,8.0168,303.71,48,91,4.22,NE,1723924217
85,kourou,5.1552,-52.6478,302.06,64,0,4.05,GF,1723924217
86,salinas,36.6777,-121.6555,297.63,70,40,4.63,US,1723924217
87,ciudad acuna,29.3232,-100.9522,312.21,31,0,6.17,MX,1723924217
88,kota kinabalu,5.9749,116.0724,298.14,94,20,2.06,MY,1723924217
89,mount isa,-20.7333,139.5,285.02,40,100,1.03,AU,1723924217
90,la passe,45.5549,-0.8967,291.69,85,10,4.98,FR,1723924217
91,nar'yan-mar,67.6713,53.087,280.77,93,9,2.99,RU,1723924217
92,qaqortoq,60.7167,-46.0333,279.81,66,0,4.11,GL,1723924217
93,anadyr,64.75,177.4833,279.43,75,0,5.0,RU,1723924217
94,newport,51.5877,-2.9984,289.56,85,100,3.56,GB,1723924217
95,arkhangel'sk,64.5401,40.5433,288.21,100,100,4.0,RU,1723924217
96,namibe,-15.1961,12.1522,290.09,82,99,0.99,AO,1723924217
97,hithadhoo,-0.6,73.0833,301.81,76,100,7.93,MV,1723924217
98,san antonio de pale,-1.4014,5.6325,296.75,83,8,4.01,GQ,1723924217
99,torghay,49.6339,63.4981,290.73,54,75,3.37,KZ,1723924217
100,fale old settlement,-9.3852,-171.2468,301.15,78,25,10.84,TK,1723924217
101,uturoa,-16.7333,-151.4333,298.37,81,11,8.14,PF,1723924217
102,gunnedah,-30.9833,150.25,280.53,84,6,1.68,AU,1723924217
103,hamilton,39.1834,-84.5333,306.6,49,40,9.26,US,1723924217
104,constantia,44.1833,28.65,294.65,65,0,2.99,RO,1723924217
105,nova vicosa,-17.8919,-39.3719,296.72,66,0,4.01,BR,1723924217
106,timbuktu,16.7735,-3.0074,304.67,51,64,4.7,ML,1723924218
107,bilibino,68.0546,166.4372,277.62,90,100,0.8,RU,1723924218
108,enewetak,11.3474,162.3373,301.48,81,100,6.93,MH,1723924218
109,carnarvon,-24.8667,113.6333,291.34,54,95,7.69,AU,1723924218
110,taoudenni,22.6783,-3.9836,306.01,44,100,12.71,ML,1723924218
111,pangoa,-12.1167,-73.0,305.86,32,0,2.0,PE,1723924218
112,qarazhal,48.0078,70.7903,288.93,64,8,3.74,KZ,1723924218
113,hotan,37.0997,79.9269,301.91,17,0,2.98,CN,1723924218
114,keflavik,64.0049,-22.5624,281.39,76,75,8.75,IS,1723924218
115,al wafrah,28.6392,47.9306,310.91,17,0,3.38,KW,1723924218
116,almus,40.3758,36.9044,287.28,77,0,1.16,TR,1723924218
117,vorgashor,67.5833,63.95,284.08,89,100,3.45,RU,1723924218
118,bredasdorp,-34.5322,20.0403,284.14,90,1,3.3,ZA,1723924218
119,dampit,-8.2116,112.7493,291.18,97,16,1.52,ID,1723924218
120,manggar,-2.8833,108.2667,299.86,83,25,4.51,ID,1723924218
121,aldan,58.6031,125.3894,281.88,87,78,0.59,RU,1723924218
122,port mathurin,-19.6833,63.4167,295.93,73,42,11.17,MU,1723924218
123,roccella ionica,38.322,16.4009,301.54,66,100,3.88,IT,1723924218
124,komatsu,36.4026,136.4509,300.14,94,75,0.0,JP,1723924218
125,vadso,70.0744,29.7487,283.24,93,0,2.06,NO,1723924218
126,nantucket,41.2835,-70.0995,292.21,88,100,5.14,US,1723924218
127,tofol,5.3248,163.0078,299.65,88,100,8.2,FM,1723924218
128,shingu,33.7333,135.9833,298.94,82,8,1.61,JP,1723924218
129,karaton,-6.3424,106.1045,294.65,95,3,0.25,ID,1723924218
130,darchula,29.8412,80.5287,289.75,98,100,0.46,NP,1723924218
131,luorong,24.4058,109.6086,297.98,91,29,1.31,CN,1723924218
132,ilulissat,69.2167,-51.1,278.16,87,75,4.12,GL,1723924218
133,nova sintra,14.8667,-24.7167,301.22,77,100,1.51,CV,1723924218
134,zhezqazghan,47.7833,67.7667,291.92,51,63,5.26,KZ,1723924218
135,gilgit,35.9221,74.3087,299.57,53,36,1.57,PK,1723924218
136,troitsko-pechorsk,62.7084,56.1964,284.69,85,81,1.64,RU,1723924218
137,matamey,13.4231,8.4749,300.72,66,58,3.73,NE,1723924218
138,stanley,54.868,-1.6985,288.16,73,40,1.54,GB,1723924218
139,avarua,-21.2078,-159.775,296.18,68,40,4.63,CK,1723924218
140,murree,33.9073,73.393,290.99,67,100,1.25,PK,1723924219
141,solwezi,-12.1688,26.3894,290.68,34,0,1.91,ZM,1723924219
142,sakaiminato,35.55,133.2333,296.14,100,20,2.06,JP,1723924219
143,kutahya,39.4242,29.9833,289.56,45,0,1.73,TR,1723924219
144,egilsstadir,65.2653,-14.3948,282.1,81,75,6.17,IS,1723924219
145,kupang,-10.1667,123.5833,297.47,69,100,2.57,ID,1723924219
146,tiznit,29.5833,-9.5,304.76,36,34,0.83,MA,1723924219
147,lata,40.1629,-8.3327,292.58,89,7,2.33,PT,1723924219
148,invercargill,-46.4,168.35,278.16,79,82,1.79,NZ,1723924219
149,dobroslav,46.8194,30.9432,297.39,45,0,4.34,UA,1723924219
150,yuzhno-kurilsk,44.0306,145.8556,287.67,91,88,2.99,RU,1723924219
151,howrah,22.5892,88.3103,301.15,83,40,3.6,IN,1723924219
152,mercedes,-34.6515,-59.4307,289.23,56,90,4.66,AR,1723924213
153,ciorescu,47.1294,28.8856,300.55,30,72,4.87,MD,1723924219
154,hami,42.8,93.45,304.57,13,4,3.97,CN,1723924219
155,tadpatri,14.9167,78.0167,302.26,73,100,1.05,IN,1723924219
156,fortuna,40.5982,-124.1573,292.66,81,75,6.69,US,1723924219
157,prabumulih,-3.45,104.25,295.84,90,0,1.93,ID,1723924219
158,westport,41.1415,-73.3579,298.9,77,40,8.23,US,1723924219
159,sona,45.4388,10.8255,297.66,65,0,2.06,IT,1723924219
160,udachny,66.4167,112.4,285.4,69,73,3.39,RU,1723924219
161,gazli,40.1333,63.45,298.92,35,0,5.18,UZ,1723924219
162,tommot,58.9564,126.2925,285.19,81,97,0.64,RU,1723924219
163,thompson,55.7435,-97.8558,293.24,45,40,4.63,CA,1723924219
164,nuuk,64.1835,-51.7216,281.49,66,40,8.75,GL,1723924219
165,tromso,69.6496,18.957,288.16,67,0,4.63,NO,1723924175
166,acacias,3.987,-73.758,301.8,60,49,1.94,CO,1723924219
167,'ain el melh,34.8415,4.1638,298.59,44,0,4.74,DZ,1723924219
168,afaahiti,-17.75,-149.2833,296.49,87,81,9.84,PF,1723924219
169,trekhgornyy,54.815,58.4592,283.8,99,99,1.59,RU,1723924219
170,kazanskoye,55.6448,69.235,284.85,92,23,2.34,RU,1723924219
171,blackmans bay,-43.0167,147.3167,279.67,86,100,0.45,AU,1723924219
172,brive-la-gaillarde,45.25,1.5,290.13,99,65,0.35,FR,1723924219
173,burley,42.5357,-113.7928,302.13,26,0,4.63,US,1723924220
174,acapulco de juarez,16.8634,-99.8901,304.05,70,40,5.66,MX,1723923997
175,visakhapatnam,17.69,83.2093,302.09,100,75,2.06,IN,1723924220
176,suwayr,30.1171,40.3893,305.99,18,0,3.73,SA,1723924220
177,juan griego,11.0817,-63.9655,306.22,58,2,2.57,VE,1723924220
178,kavieng,-2.5744,150.7967,300.36,81,58,4.15,PG,1723924220
179,hadibu,12.65,54.0333,298.93,81,38,7.98,YE,1723924220
180,atafu village,-8.5421,-172.5159,302.11,73,67,9.17,TK,1723924220
181,fomboni,-12.28,43.7425,298.73,63,0,5.49,KM,1723924220
182,pemba,-12.974,40.5178,298.54,83,20,6.71,MZ,1723924220
183,mahanoro,-19.9,48.8,292.84,87,91,4.05,MG,1723924220
184,puerto natales,-51.7236,-72.4875,278.4,70,75,7.72,CL,1723924220
185,bel ombre,-4.6167,55.4167,299.06,73,20,4.12,SC,1723924220
186,popondetta,-8.7537,148.2534,296.16,84,77,1.16,PG,1723924220
187,chibougamau,49.9168,-74.3659,295.94,68,75,4.12,CA,1723924220
188,bari sadri,24.4167,74.4667,297.47,85,100,2.42,IN,1723924220
189,lazaro cardenas,17.9583,-102.2,303.74,65,31,4.31,MX,1723924220
190,caohe,30.2297,115.4335,299.6,84,92,0.62,CN,1723924220
191,cambria,35.5641,-121.0808,304.39,70,36,3.43,US,1723924220
192,firminopolis,-16.5819,-50.305,307.07,13,0,3.29,BR,1723924220
193,usinsk,65.9939,57.5281,282.86,92,31,1.07,RU,1723924220
194,puerto baquerizo moreno,-0.9,-89.6,295.7,78,100,7.2,EC,1723924032
195,puerto ayora,-0.7393,-90.3518,294.01,92,99,4.47,EC,1723924220
196,severo-yeniseyskiy,60.3725,93.0408,284.26,98,100,1.78,RU,1723924220
197,burang,30.25,81.1667,284.16,78,100,2.5,CN,1723924220
198,tsumeb,-19.2333,17.7167,295.07,11,0,3.63,NA,1723924220
199,weno,7.4515,151.8468,301.99,76,91,5.69,FM,1723924220
200,chonchi,-42.6128,-73.8092,280.23,83,88,1.72,CL,1723924221
201,scottburgh,-30.2867,30.7532,293.06,71,0,8.03,ZA,1723924221
202,petropavlovsk-kamchatsky,53.0452,158.6483,281.48,93,75,3.0,RU,1723924221
203,tidjikja,18.5564,-11.4271,305.82,25,99,5.05,MR,1723924221
204,rongelap,11.1635,166.8941,301.66,79,86,8.78,MH,1723924221
205,walvis bay,-22.9575,14.5053,284.68,87,18,1.03,NA,1723924221
206,chelak,39.9203,66.8611,297.57,37,30,4.19,UZ,1723924221
207,el nido,11.1858,119.3956,299.34,93,100,1.83,PH,1723924221
208,formosa do rio preto,-11.0483,-45.1931,305.81,21,10,3.77,BR,1723924221
209,sakon nakhon,17.3333,103.8333,297.71,96,100,1.81,TH,1723924221
210,muhldorf,48.25,12.5333,295.05,94,100,1.2,DE,1723924221
211,mokrous,51.2333,47.5167,291.78,52,100,1.91,RU,1723924221
212,palmer,42.1584,-72.3287,299.94,60,75,2.06,US,1723924221
213,nagqu,31.5,92.0,272.24,80,0,1.14,CN,1723924221
214,saskatoon,52.1168,-106.6345,301.02,35,100,6.17,CA,1723924094
215,garachico,28.7781,-17.7646,294.21,88,0,6.69,ES,1723924221
216,east london,-33.0153,27.9116,292.32,69,97,3.05,ZA,1723924221
217,terrace,54.5163,-128.6035,296.1,43,20,2.57,CA,1723924221
218,chui,-33.6971,-53.4616,287.18,78,100,5.52,UY,1723924221
219,san julian,21.0167,-102.1667,294.48,65,91,2.15,MX,1723924221
220,fereydun kenar,36.6864,52.5225,296.27,88,100,0.0,IR,1723924221
221,usogorsk,63.4106,48.6872,285.88,84,100,2.35,RU,1723924221
222,lorengau,-2.0226,147.2712,300.45,80,70,3.91,PG,1723924221
223,udaipur,24.5712,73.6918,297.12,84,100,1.7,IN,1723923981
224,tezu,27.9167,96.1667,299.4,71,100,1.49,IN,1723924221
225,selfoss,63.9331,-20.9971,282.06,71,96,4.63,IS,1723924221
226,bodo,67.28,14.405,287.17,75,40,6.17,NO,1723924221
227,williams lake,52.1415,-122.1445,299.29,40,20,2.06,CA,1723924221
228,chernyshevskiy,63.0128,112.4714,282.62,79,53,1.67,RU,1723924221
229,tsiombe,-25.3,45.4833,292.64,61,0,7.27,MG,1723924221
230,midvagur,62.0511,-7.1939,283.61,87,100,7.72,FO,1723924221
231,pamandzi,-12.7967,45.2794,297.03,78,0,3.6,YT,1723924221
232,wuwei,37.9281,102.6414,292.68,33,0,2.67,CN,1723924221
233,boca do acre,-8.7522,-67.3978,304.47,40,100,1.41,BR,1723924221
234,tazovsky,67.4667,78.7,284.07,98,81,3.08,RU,1723924222
235,taseyevo,57.2169,94.8978,287.7,95,39,0.67,RU,1723924222
236,laojunmiao,39.8333,97.7333,292.93,27,1,3.98,CN,1723924222
237,lebu,-37.6167,-73.65,282.55,66,4,7.24,CL,1723924222
238,shitanjing,39.2342,106.3439,294.54,41,32,0.72,CN,1723924222
239,sur,22.5667,59.5289,300.4,80,100,6.75,OM,1723924222
240,kingston,17.997,-76.7936,305.68,70,20,7.2,JM,1723924159
241,talnakh,69.4865,88.3972,287.41,93,84,4.24,RU,1723924222
242,novodvinsk,64.4165,40.8122,288.01,99,100,1.58,RU,1723924222
243,ancud,-41.8697,-73.8203,280.73,72,41,3.28,CL,1723924222
244,lev tolstoy,53.2134,39.446,291.73,56,9,3.61,RU,1723924222
245,kashmar,35.2383,58.4656,297.84,38,0,4.94,IR,1723924222
246,itamaraca,-7.7478,-34.8256,298.0,67,93,4.78,BR,1723924222
247,sadjoavato,-12.6334,49.349,293.99,77,6,4.96,MG,1723924222
248,sisimiut,66.9395,-53.6735,279.3,81,65,5.61,GL,1723924222
249,vila franca do campo,37.7167,-25.4333,299.38,80,60,1.83,PT,1723924222
250,lycksele,64.5954,18.6735,284.08,100,20,1.54,SE,1723924222
251,port alfred,-33.5906,26.891,289.0,81,4,3.41,ZA,1723924222
252,hacienda huancane,-15.8222,-70.8856,286.42,18,100,2.62,PE,1723924222
253,filadelfia,39.9523,-75.1638,298.18,77,100,4.12,US,1723924074
254,kolno,53.4115,21.9291,296.62,70,99,3.73,PL,1723924222
255,madanapalle,13.55,78.5,296.69,88,100,2.29,IN,1723924222
256,yaren,-0.5472,166.916,301.77,76,78,6.44,NR,1723924222
257,naliya,23.2667,68.8333,300.89,80,100,4.38,IN,1723924222
258,kisanga,-7.4362,37.7034,296.4,69,22,2.88,TZ,1723924222
259,kununurra,-15.7667,128.7333,287.14,82,69,2.06,AU,1723924222
260,sibut,5.718,19.0739,295.09,97,99,1.73,CF,1723924222
261,whitehorse,60.7161,-135.0538,290.58,54,75,1.54,CA,1723924222
262,cutral-co,-38.9469,-69.2089,284.21,10,0,4.02,AR,1723924222
263,ixtapa,20.7,-105.2,303.28,80,100,1.67,MX,1723924222
264,trincomalee,8.5711,81.2335,300.7,79,91,8.68,LK,1723924222
265,akureyri,65.6835,-18.0878,281.11,81,100,3.6,IS,1723924222
266,vilyuysk,63.7553,121.6247,282.45,68,0,0.44,RU,1723924222
267,santa marta de ortigueira,43.6833,-7.85,294.96,100,100,4.26,ES,1723924222
268,cidreira,-30.1811,-50.2056,290.18,90,100,5.97,BR,1723924222
269,thunder bay,48.4001,-89.3168,298.14,69,75,4.63,CA,1723924197
270,tangshan,39.6333,118.1833,296.18,86,100,1.54,CN,1723924223
271,santa cruz,-17.8,-63.1667,308.85,38,20,9.77,BO,1723924223
272,akjoujt,19.6969,-14.4164,306.17,40,100,9.18,MR,1723924223
273,villa gesell,-37.2639,-56.973,284.11,80,100,5.56,AR,1723924223
274,vangaindrano,-23.35,47.6,293.16,66,100,1.88,MG,1723924223
275,panino,51.6467,40.1346,291.42,49,5,2.53,RU,1723924223
276,okha,53.5739,142.9478,284.12,84,79,2.42,RU,1723924223
277,jutai,-5.1833,-68.9,307.32,41,99,0.69,BR,1723924223
278,lompoc,34.6391,-120.4579,300.14,69,6,2.24,US,1723924223
279,urzhar,47.093,81.6294,298.26,41,100,3.92,KZ,1723924223
280,yima,34.7381,111.8839,295.78,90,89,0.84,CN,1723924223
281,lake los angeles,34.6125,-117.8281,306.06,17,0,0.0,US,1723924223
282,betio village,1.358,172.9211,301.17,66,1,8.47,KI,1723924223
283,mach,29.8637,67.3298,298.58,86,100,1.57,PK,1723924223
284,roleystone,-32.1167,116.0667,282.9,93,100,1.03,AU,1723924223
285,oranjemund,-28.55,16.4333,284.84,80,0,1.47,NA,1723924223
286,san giorgio di nogaro,45.8336,13.2158,300.44,68,43,2.57,IT,1723924223
287,oblivskaya,48.5362,42.5014,292.59,29,36,2.9,RU,1723924223
288,san patricio,28.017,-97.5169,310.12,39,11,6.86,US,1723924223
289,port saint john's,-31.6229,29.5448,292.4,82,35,4.27,ZA,1723924223
290,cova figueira,14.8905,-24.2934,295.02,84,100,1.22,CV,1723924223
291,richards bay,-28.783,32.0377,295.26,56,0,5.83,ZA,1723924223
292,kirakira,-10.4544,161.9205,299.01,89,7,4.73,SB,1723924223
293,aripuana,-9.1667,-60.6333,310.61,24,81,1.0,BR,1723924223
294,fuente obejuna,38.2667,-5.4167,301.55,18,56,2.41,ES,1723924223
295,howard springs,-12.497,131.047,295.1,83,0,1.77,AU,1723924223
296,dokkum,53.3222,5.997,290.14,79,75,2.06,NL,1723924223
297,buka,40.8108,69.1986,296.95,31,99,3.8,UZ,1723924223
298,dudinka,69.4058,86.1778,287.12,94,65,6.6,RU,1723923983
299,grand falls-windsor,48.9332,-55.6649,298.99,52,57,4.94,CA,1723924223
300,pisco,-13.7,-76.2167,292.18,68,0,5.14,PE,1723924223
301,st. john's,47.5649,-52.7093,296.81,60,40,6.69,CA,1723924223
302,turabah,21.2141,41.6331,303.32,51,82,8.19,SA,1723924224
303,euclides da cunha,-10.5075,-39.0158,296.28,66,100,3.95,BR,1723924224
304,fort st. john,56.2499,-120.8529,290.09,63,40,3.09,CA,1723924224
305,gbarnga,6.9956,-9.4722,295.01,99,100,1.87,LR,1723924224
306,gallup,35.5281,-108.7426,302.06,26,0,0.0,US,1723924224
307,galliano,29.4422,-90.2992,307.15,52,0,2.06,US,1723924224
308,saldanha,-33.0117,17.9442,286.18,94,75,4.64,ZA,1723924224
309,sotkamo,64.1333,28.4167,286.48,61,100,0.2,FI,1723924224
310,shihezi,44.3,86.0333,302.67,36,99,2.32,CN,1723924224
311,visby,57.6409,18.296,290.83,77,0,2.57,SE,1723924224
312,mar del plata,-38.0023,-57.5575,284.16,89,0,4.12,AR,1723924224
313,vilyuchinsk,52.9306,158.4028,282.3,75,91,1.88,RU,1723924224
314,mengcheng chengguanzhen,33.2661,116.566,298.12,89,68,2.47,CN,1723924224
315,rikaze,29.25,88.8833,285.13,54,0,1.67,CN,1723924224
316,lerwick,60.1545,-1.1494,285.48,81,100,9.44,GB,1723924224
317,sitka,57.0531,-135.33,290.09,67,100,1.54,US,1723924224
318,zouerate,22.7187,-12.4521,309.77,15,65,5.63,MR,1723924224
319,pitkyaranta,61.5734,31.4792,289.16,78,100,1.27,RU,1723924224
320,muisne,0.6,-80.0333,299.16,79,64,5.43,EC,1723924224
321,prince rupert,54.3161,-130.3201,288.2,89,75,3.09,CA,1723924224
322,jumla,29.2747,82.1838,288.66,97,100,0.74,NP,1723924224
323,alice springs,-23.7,133.8833,279.9,65,3,0.0,AU,1723924049
324,chanute,37.6792,-95.4572,305.21,58,0,5.14,US,1723924224
325,paros,37.0833,25.15,301.1,69,0,4.12,GR,1723924209
326,berberati,4.2612,15.7922,292.88,93,57,1.16,CF,1723924224
327,changji,44.0167,87.3167,302.59,37,20,1.0,CN,1723924224
328,uige,-7.6087,15.0613,295.06,56,1,1.07,AO,1723924224
329,jackson,42.4165,-122.8345,300.41,43,0,3.13,US,1723924224
330,guerrero negro,27.9769,-114.0611,299.41,51,0,6.88,MX,1723924224
331,gaspe,48.8334,-64.4819,300.27,57,100,3.6,CA,1723923959
332,codrington,-38.2667,141.9667,285.34,92,100,6.05,AU,1723924224
333,sharm el-sheikh,27.8518,34.305,309.23,21,0,1.54,EG,1723924224
334,titao,13.7667,-2.0667,298.05,84,100,7.01,BF,1723924224
335,kokopo,-4.352,152.2633,297.76,85,90,2.45,PG,1723924224
336,karsun,54.1994,46.9827,289.03,71,100,2.2,RU,1723924224
337,grantsville,40.5999,-112.4644,294.14,73,75,3.09,US,1723924052
338,new norfolk,-42.7826,147.0587,280.33,94,98,1.02,AU,1723924225
339,crane,31.3974,-102.3501,309.76,25,0,6.05,US,1723924225
340,marquette,46.5333,-87.6335,291.84,99,99,3.13,US,1723923930
341,zuenoula,7.4292,-6.0431,295.83,96,98,2.03,CI,1723924225
342,archangelos,36.2149,28.1149,302.21,57,0,3.07,GR,1723924225
343,lagos,6.5833,3.75,297.71,87,46,2.46,NG,1723924136
344,motueka,-41.1333,173.0167,285.43,99,100,1.13,NZ,1723924225
345,sabang,5.8933,95.3214,300.97,78,100,2.65,ID,1723924225
346,felege neway,6.3,36.8833,290.87,89,100,0.97,ET,1723924225
347,codajas,-3.8367,-62.0569,310.25,27,78,0.71,BR,1723924225
348,adam,22.3756,57.5233,303.37,59,76,6.1,OM,1723924225
349,ussel,45.55,2.3167,287.22,99,99,0.96,FR,1723924225
350,hyesan,41.4017,128.1778,291.98,97,99,0.37,KP,1723924225
351,nabire,-3.3667,135.4833,296.63,93,100,1.33,ID,1723924225
352,rumoi,43.9344,141.6428,292.99,94,100,2.23,JP,1723924225
353,bad segeberg,53.9333,10.3167,290.22,77,41,2.37,DE,1723924225
354,camayenne,9.535,-13.6878,299.2,89,100,5.14,GN,1723924225
355,beledweyne,4.7358,45.2036,298.27,63,15,11.16,SO,1723924225
356,tolanaro,-25.0319,46.9987,294.19,73,40,6.17,MG,1723924225
357,ad dabbah,18.05,30.95,311.28,25,20,2.08,SD,1723924225
358,okhotsk,59.3833,143.3,281.85,92,100,3.05,RU,1723924225
359,reggane,26.7158,0.1714,313.58,18,0,3.08,DZ,1723924225
360,zyrya,40.3661,50.2917,297.2,61,96,4.15,AZ,1723924225
361,sovetskaya gavan',48.9723,140.2878,287.97,95,100,2.19,RU,1723924225
362,san clemente del tuyu,-36.3569,-56.7235,284.45,80,87,6.43,AR,1723924225
363,san luis de la loma,17.2706,-100.8939,303.73,64,58,3.61,MX,1723924225
364,tura,25.5198,90.2201,296.18,96,75,1.88,IN,1723924225
365,vernon,50.2581,-119.2691,298.57,60,2,1.03,CA,1723924225
366,nakonde,-9.3421,32.745,286.64,61,2,2.59,ZM,1723924225
367,kolosovka,56.4678,73.611,284.89,91,14,2.66,RU,1723924225
368,san agustin de valle fertil,-30.6335,-67.4682,291.33,37,0,3.89,AR,1723924226
369,nobres,-14.7203,-56.3275,312.37,14,17,2.48,BR,1723924226
370,saint-joseph,-21.3667,55.6167,294.36,73,16,6.5,RE,1723924226
371,wewak,-3.5534,143.6268,298.46,85,99,1.78,PG,1723924226
372,alotau,-10.3069,150.4462,297.01,96,60,1.47,PG,1723924226
373,azul,-36.777,-59.8585,286.7,64,100,2.6,AR,1723924226
374,flying fish cove,-10.4217,105.6791,296.97,88,75,4.63,CX,1723924226
375,broken hill,-31.95,141.4333,281.44,95,79,2.98,AU,1723924226
376,afif,23.9065,42.9172,307.61,19,92,1.92,SA,1723924226
377,naha,26.2125,127.6811,301.53,93,20,1.54,JP,1723924226
378,igarka,67.4667,86.5833,284.72,99,53,5.16,RU,1723924226
379,happy valley-goose bay,53.3168,-60.3315,299.32,53,75,6.17,CA,1723924226
380,emerald,-23.5333,148.1667,283.9,68,0,2.6,AU,1723924226
381,extrema,-22.8547,-46.3183,298.39,31,0,2.37,BR,1723924226
382,alvand,36.3187,49.1678,284.38,88,29,3.49,IR,1723924226
383,al kharijah,25.4514,30.5464,304.88,17,0,2.2,EG,1723924226
384,kasamwa,-2.85,32.4333,295.73,37,8,1.82,TZ,1723924226
385,mala,-12.6581,-76.6308,291.65,74,52,4.3,PE,1723924226
386,ovalle,-30.5983,-71.2003,294.94,38,100,2.84,CL,1723924028
387,gwangju,35.1547,126.9156,296.8,95,15,0.99,KR,1723924226
388,dryden,49.7833,-92.7503,296.31,60,40,2.57,CA,1723924226
389,arkhara,49.4212,130.0842,286.22,80,70,2.63,RU,1723924226
390,saint-philippe,-21.3585,55.7679,294.56,75,35,6.1,RE,1723924226
391,kerikeri,-35.2268,173.9474,290.32,87,100,2.24,NZ,1723924226
392,bokani,9.4333,5.2,296.9,91,28,1.34,NG,1723924226
393,mossel bay,-34.1831,22.146,286.11,67,1,1.73,ZA,1723924226
394,sao jose da coroa grande,-8.8978,-35.1478,297.5,72,100,4.99,BR,1723924226
395,katsuura,35.1333,140.3,299.82,94,0,1.58,JP,1723924226
396,awjilah,29.1081,21.2869,304.77,32,0,8.67,LY,1723924226
397,freeport,40.6576,-73.5832,299.36,79,75,7.2,US,1723924226
398,potsdam,52.3989,13.0657,297.15,89,88,0.89,DE,1723924226
399,sinabang,2.4803,96.3801,298.06,93,100,0.71,ID,1723924226
400,nieuw amsterdam,5.8833,-55.0833,302.16,70,40,3.09,SR,1723924226
401,chingola,-12.529,27.8838,291.79,35,0,3.9,ZM,1723924227
402,thinadhoo,0.5333,72.9333,301.6,78,100,8.44,MV,1723924227
403,zyryanskoye,56.8306,86.6258,286.29,92,79,2.94,RU,1723924227
404,tosno,59.54,30.8775,289.56,96,100,1.5,RU,1723924227
405,palikir - national government center,6.9248,158.1611,301.3,71,18,1.61,FM,1723924227
406,praia da vitoria,38.7333,-27.0667,300.29,74,20,1.94,PT,1723924227
407,berezanskaya,45.7056,39.5932,294.77,25,0,4.08,RU,1723924023
408,kralendijk,12.15,-68.2667,306.14,58,0,7.2,BQ,1723924227
409,nouadhibou,20.931,-17.0347,297.14,73,71,7.2,MR,1723924227
410,chebba,35.2372,11.115,301.6,71,26,2.84,TN,1723924227
411,bukama,-9.2,25.85,297.97,25,0,1.8,CD,1723924227
412,cedeira,43.6797,-8.0209,294.25,100,100,4.66,ES,1723924227
413,takoradi,4.8845,-1.7554,296.97,85,100,3.62,GH,1723924227
414,saurimo,-9.6608,20.3916,292.95,20,0,1.5,AO,1723924227
415,bahia blanca,-38.7196,-62.2724,284.16,56,100,1.36,AR,1723924040
416,paveh,35.0434,46.3565,297.97,28,1,1.71,IR,1723924227
417,nova xavantina,-14.6667,-52.35,310.1,15,0,3.13,BR,1723924227
418,callao,-12.0667,-77.15,291.31,68,20,6.17,PE,1723924227
419,nyurba,63.2842,118.3319,282.31,72,5,1.09,RU,1723924227
420,woolgoolga,-30.1106,153.2007,286.08,60,0,3.32,AU,1723924227
421,bang krathum,16.5783,100.3003,299.11,92,100,1.43,TH,1723924227
422,atherton,53.5237,-2.4935,290.53,70,99,1.79,GB,1723924227
423,margate,51.3813,1.3862,291.31,83,61,3.8,GB,1723924227
424,suva,-18.1416,178.4415,292.86,100,40,1.03,FJ,1723924173
425,abadan,30.3392,48.3043,308.12,49,0,2.06,IR,1723924227
426,puerto madero,14.7208,-92.4215,303.54,71,93,3.29,MX,1723924228
427,point pedro,9.8167,80.2333,301.35,81,84,7.72,LK,1723924228
428,ola,59.5833,151.2833,282.27,92,100,2.36,RU,1723924228
429,vorkuta,67.5,64.0,284.48,91,100,3.17,RU,1723924228
430,remire-montjoly,4.9167,-52.2667,304.17,70,75,5.66,GF,1723924228
431,huarmey,-10.0681,-78.1522,293.62,66,11,5.48,PE,1723924228
432,hailun,47.45,126.9333,292.22,97,78,2.21,CN,1723924228
433,salaqi,40.5414,110.5108,290.67,79,4,0.4,CN,1723924228
434,krasnovishersk,60.4078,57.082,283.56,93,40,1.57,RU,1723924228
435,shimoda,34.6667,138.95,300.48,89,19,1.4,JP,1723924228
436,antsiranana,-12.2787,49.2917,295.95,74,2,7.72,MG,1723924228
437,berdigestyakh,62.0989,126.6992,280.35,60,0,1.21,RU,1723924228
438,svetlyy,54.675,20.1347,290.33,96,23,2.35,RU,1723924228
439,horta,38.5333,-28.6333,299.95,81,20,2.06,PT,1723924228
440,el matama,16.7095,33.3565,304.59,56,97,5.17,SD,1723924228
441,ust'-kulom,61.6864,53.6902,286.4,88,100,1.44,RU,1723924228
442,anna regina,7.2644,-58.5077,302.48,67,2,4.09,GY,1723924228
443,pandan,14.0453,124.1694,299.63,84,100,1.23,PH,1723924228
444,altamont,42.2068,-121.7372,299.2,37,40,7.2,US,1723924228
445,tevriz,57.509,72.4042,284.15,96,17,1.38,RU,1723924228
446,ulsteinvik,62.3432,5.8487,288.57,78,96,5.36,NO,1723924228
447,arraial do cabo,-22.9661,-42.0278,301.13,69,0,4.63,BR,1723924025
448,eyl,7.9803,49.8164,298.4,78,48,11.77,SO,1723924228
449,nikolayevsk-on-amure,53.1406,140.73,282.49,89,78,0.26,RU,1723924228
450,bereeda,11.8704,51.0579,302.52,67,73,2.71,SO,1723924228
451,lauro de freitas,-12.8944,-38.3272,298.16,78,75,4.12,BR,1723924228
452,sungai penuh,-2.0833,101.3833,291.28,96,97,2.15,ID,1723924228
453,santyoku,37.4406,129.1708,297.25,85,18,1.56,KR,1723924229
454,freetown,8.484,-13.2299,297.99,94,75,9.26,SL,1723924113
455,la ronge,55.1001,-105.2842,292.29,48,100,4.63,CA,1723924229
456,peterhead,57.5058,-1.7981,287.13,74,100,4.81,GB,1723924229
457,sefrou,33.8319,-4.828,305.68,17,0,2.57,MA,1723924229
458,ketchikan,55.3422,-131.6461,295.01,60,0,5.14,US,1723924229
459,manta,-0.95,-80.7333,301.03,65,20,7.72,EC,1723924229
460,huainan,32.6264,116.9969,299.62,83,98,2.29,CN,1723924229
461,hilongos,10.3744,124.7497,299.29,84,100,1.1,PH,1723924229
462,galesong,-5.3166,119.3661,297.02,70,57,1.54,ID,1723924229
463,durant,33.994,-96.3708,310.24,32,40,4.12,US,1723924229
464,namtsy,62.7161,129.6658,281.41,64,1,2.18,RU,1723924229
465,princeville,45.7668,-61.2985,300.67,56,0,2.57,CA,1723924229
466,arno,60.1167,18.6333,289.32,61,0,5.73,SE,1723924229
467,thohoyandou,-22.9456,30.485,291.32,33,0,1.5,ZA,1723924229
468,kargasok,59.0556,80.8572,285.32,98,24,3.65,RU,1723924229
469,tefe,-3.3542,-64.7114,307.21,49,40,2.57,BR,1723924230
470,pacific grove,36.6177,-121.9166,297.4,82,75,4.12,US,1723924230
471,badger,64.8,-147.5333,288.29,78,100,3.09,US,1723924230
472,vaijapur,19.9167,74.7333,299.51,77,100,0.93,IN,1723924230
473,salinopolis,-0.6136,-47.3561,300.76,74,9,4.61,BR,1723924230
474,melekeok village,7.4957,134.6367,298.46,94,75,0.0,PW,1723924230
475,marang,5.2056,103.2059,299.1,91,16,2.23,MY,1723924230
476,marka,1.7159,44.7717,297.76,83,29,8.16,SO,1723924230
477,tanjung selor,2.8372,117.3642,296.34,98,45,0.92,ID,1723924230
478,port douglas,-16.4833,145.4667,293.96,64,0,1.85,AU,1723924230
479,popovo,43.35,26.2333,294.77,45,2,3.42,BG,1723924230
480,abha,18.2164,42.5053,293.29,78,0,1.54,SA,1723924044
481,ust'-kut,56.7938,105.7672,288.86,70,1,1.31,RU,1723924230
482,nguigmi,14.2495,13.1092,303.75,57,29,2.08,NE,1723924230
483,ulanhot,46.0833,122.0833,293.57,89,66,0.77,CN,1723924230
484,garoowe,8.4054,48.4845,299.51,56,44,13.35,SO,1723924230
485,san juan de miraflores,-12.1629,-76.9635,290.44,75,62,4.94,PE,1723924230
486,al ghayzah,16.2079,52.176,298.12,91,79,5.19,YE,1723924230
487,oliver,49.1831,-119.5524,298.1,50,0,0.51,CA,1723924230
488,belyy yar,53.6039,91.3903,290.09,94,0,0.0,RU,1723924230
489,shubarshi,48.5872,57.1869,290.21,60,23,3.83,KZ,1723924230
490,tortoli,39.9256,9.6572,300.05,90,20,1.54,IT,1723924230
491,riosucio,5.4216,-75.7032,299.01,53,100,1.33,CO,1723924230
492,lensk,60.7253,114.9278,284.34,81,37,1.82,RU,1723924230
493,kayangel,8.0823,134.7173,302.32,70,82,0.98,PW,1723924230
494,dawei,14.0833,98.2,298.58,92,100,1.81,MM,1723924230
495,benjamin hill,30.1667,-111.1,307.51,40,6,1.17,MX,1723924230
496,paracale,14.2804,122.7881,299.18,88,100,1.42,PH,1723924230
497,baikonur,45.6167,63.3167,293.58,37,0,5.55,KZ,1723924231
498,luderitz,-26.6481,15.1594,286.02,74,0,4.05,NA,1723924231
499,east hartford,41.7823,-72.612,299.81,73,75,5.14,US,1723924231
500,newman,37.3138,-121.0208,303.18,23,0,4.25,US,1723924231
501,mutoko,-17.397,32.2268,284.68,35,0,2.19,ZW,1723924231
502,plettenberg bay,-34.0527,23.3716,287.09,62,6,2.54,ZA,1723924231
503,sevsk,52.1491,34.4926,292.19,42,0,3.43,RU,1723924231
504,praia,14.9215,-23.5087,301.45,78,75,4.12,CV,1723924231
505,novyy turtkul',41.55,61.0167,298.48,29,88,3.27,UZ,1723924231
506,baukau,51.5526,7.2042,294.62,81,100,2.45,DE,1723924231
507,oak harbor,48.2932,-122.6432,295.25,82,41,4.11,US,1723924231
508,rantepao,-2.9701,119.8978,291.8,94,65,0.8,ID,1723924231
509,malyye derbety,47.9547,44.6808,294.11,28,13,2.42,RU,1723924231
510,whakatane,-37.9585,176.9854,289.55,98,100,1.79,NZ,1723924231
511,serchhip,23.3,92.8333,295.74,98,100,0.67,IN,1723924231
512,al jawf,29.5,38.75,303.32,20,0,3.64,SA,1723924231
513,nazarovo,56.0064,90.3914,289.15,79,100,1.8,RU,1723924231
514,langepas,61.2544,75.2124,287.65,64,90,1.73,RU,1723924231
515,choibalsan,48.0667,114.5,289.4,96,98,1.66,MN,1723924231
516,saint-vith,50.2815,6.1272,290.75,99,100,0.37,BE,1723924231
517,idri,27.5,13.2667,306.14,33,17,2.66,LY,1723924231
518,n'zeto,-7.2312,12.8666,294.98,83,0,3.5,AO,1723924231
519,chadron,42.8294,-102.9999,303.97,40,0,2.86,US,1723924231
520,lospalos,-8.5186,127.0025,290.9,96,99,1.84,TL,1723924231
521,key west,24.5557,-81.7826,305.15,74,20,5.14,US,1723924125
522,kruisfontein,-34.0033,24.7314,284.39,77,14,2.42,ZA,1723924231
523,baskil,38.5679,38.8238,296.29,44,10,2.75,TR,1723924231
524,karwar,14.8,74.1333,300.1,91,100,3.39,IN,1723924231
525,porto novo,6.4965,2.6036,298.05,84,34,3.82,BJ,1723924232
526,guelendeng,10.9176,15.5501,298.66,76,97,2.45,TD,1723924232
527,ebon,4.582,168.6964,302.18,77,70,8.01,MH,1723924232
528,borogontsy,62.6683,131.1683,281.43,68,10,1.43,RU,1723924232
529,mazagao,-0.115,-51.2894,307.77,35,10,2.29,BR,1723924232
530,la chapelle-saint-luc,48.3173,4.0399,292.18,94,100,2.06,FR,1723924232
531,poso,-1.3959,120.7524,297.35,80,26,1.98,ID,1723924232
532,ta`u,-14.2336,-169.5144,299.14,80,100,11.26,AS,1723924232
533,baise city,23.8997,106.6133,297.23,96,20,1.24,CN,1723924232
534,bengkulu,-3.8004,102.2655,296.98,93,60,3.26,ID,1723924232
535,qingdao,36.0986,120.3719,298.93,100,0,1.0,CN,1723924232
536,mthatha,-31.5889,28.7844,284.46,82,39,2.06,ZA,1723924232
537,kosh-agach,50.0,88.6667,285.74,54,47,1.42,RU,1723924232
538,mo i rana,66.3128,14.1428,284.44,93,75,1.54,NO,1723923968
539,cadale,2.7603,46.3222,298.18,83,36,8.55,SO,1723924232
540,morondava,-20.2833,44.2833,294.8,73,0,5.11,MG,1723924232
541,novokhopersk,51.0969,41.6252,290.67,45,48,2.12,RU,1723924232
542,kiunga,-6.1219,141.2906,295.61,99,98,1.0,PG,1723924232
543,port-vila,-17.7338,168.3219,295.93,94,40,1.54,VU,1723924232
544,jayapura,-2.5333,140.7,296.81,88,100,1.06,ID,1723924232
545,namdrik,5.5994,168.1028,302.14,76,75,7.73,MH,1723924232
546,isla del bosque,22.7333,-105.85,302.9,73,100,4.25,MX,1723924232
547,mutuali,-14.8706,37.0044,292.85,43,0,3.08,MZ,1723924232
548,magadan,59.5667,150.8,281.84,92,100,2.59,RU,1723924232
549,xiazhen,34.8022,117.1117,297.29,95,76,2.12,CN,1723924232
550,hanzhong,33.0728,107.0303,294.41,92,98,0.6,CN,1723924232
551,peace river,56.2501,-117.286,291.32,82,100,3.6,CA,1723924233
552,dunedin,-45.8742,170.5036,278.6,69,100,2.68,NZ,1723924233
553,kimbe,-5.5502,150.1429,296.81,92,100,1.97,PG,1723924233
554,laguna,38.421,-121.4238,301.61,56,0,6.17,US,1723924233
555,el jadid,33.2549,-8.506,297.23,87,0,6.23,MA,1723924233
556,rio grande,-32.035,-52.0986,286.82,92,100,7.43,BR,1723924152
557,balan,46.6505,25.8083,288.72,89,88,0.62,RO,1723924233
558,santo antonio,-6.3106,-35.4789,299.2,54,7,7.13,BR,1723924233
559,kentville,45.0835,-64.4988,297.58,64,3,3.09,CA,1723924233
560,cabo san lucas,22.8909,-109.9124,304.68,65,74,1.34,MX,1723924064
561,klamath falls,42.2249,-121.7817,299.24,36,40,7.2,US,1723924233
562,tulun,54.5611,100.5792,289.3,87,99,0.12,RU,1723924233
563,qui nhon,13.7667,109.2333,299.82,79,100,1.44,VN,1723924233
564,vallenar,-28.5708,-70.7581,297.69,22,83,4.3,CL,1723924233
565,riyadh,24.6877,46.7219,309.84,11,68,2.82,SA,1723924040
566,hinton,53.4001,-117.5857,287.84,92,100,0.3,CA,1723924233
567,al wasitah,29.3378,31.2056,304.67,30,0,5.17,EG,1723924233
568,aitape,-3.1374,142.3475,298.46,78,100,1.01,PG,1723924233
569,pacocha,-17.5833,-71.3333,291.23,68,100,3.09,PE,1723924233
570,bardai,11.65,7.2333,294.72,94,23,2.79,NG,1723924233
571,manpur,22.4333,75.6167,297.51,83,100,1.67,IN,1723924233
572,tabora,-5.0167,32.8,293.03,42,0,0.0,TZ,1723924233
573,chom bueng,13.62,99.5917,299.35,82,100,1.7,TH,1723924233
574,sernancelhe,40.921,-7.5123,295.9,64,21,2.19,PT,1723924233
575,goz beida,13.95,20.55,300.83,65,89,2.41,TD,1723924233
576,hasaki,35.7333,140.8333,298.61,94,83,3.09,JP,1723924233
577,bamboo flat,11.7,92.7167,300.2,89,75,3.09,IN,1723924233
578,mount gambier,-37.8333,140.7667,283.86,92,99,3.3,AU,1723924233
579,kinablangan,7.6947,126.5503,297.58,86,30,2.01,PH,1723924233
580,horizontina,-27.6258,-54.3078,302.37,52,12,1.81,BR,1723923934
581,khorinsk,52.1657,109.7726,289.49,82,100,2.26,RU,1723924233
582,nassau,40.7507,-73.5829,299.19,79,75,6.69,US,1723924233
583,brookings,44.3114,-96.7984,297.14,74,40,4.12,US,1723924108
584,la'ie,21.6477,-157.9253,300.43,76,10,4.92,US,1723924233
585,northam,51.0333,-4.2167,287.93,92,100,4.13,GB,1723924233
586,mejit,10.2753,170.8646,301.6,77,98,8.07,MH,1723924233
